<?xml version="1.0" encoding="UTF-8"?>
<appcmd>
    <APPPOOL APPPOOL.NAME="apis.google.com" PipelineMode="Integrated" RuntimeVersion="v2.0" state="Started">
        <add name="apis.google.com" autoStart="true">
            <processModel />
            <recycling>
                <periodicRestart>
                    <schedule>
                    </schedule>
                </periodicRestart>
            </recycling>
            <failure />
            <cpu />
        </add>
    </APPPOOL>
</appcmd>