<?xml version="1.0" encoding="UTF-8"?>
<appcmd>
    <SITE SITE.NAME="google.com" SITE.ID="2" bindings="http/*:6613:" state="Unknown">
        <site name="google.com" id="2">
            <bindings>
                <binding protocol="http" bindingInformation="*:6613:" />
            </bindings>
            <limits />
            <logFile />
            <traceFailedRequestsLogging />
            <applicationDefaults />
            <virtualDirectoryDefaults />
            <ftpServer>
                <connections />
                <security>
                    <dataChannelSecurity />
                    <commandFiltering>
                    </commandFiltering>
                    <ssl />
                    <sslClientCertificates />
                    <authentication>
                        <anonymousAuthentication />
                        <basicAuthentication />
                        <clientCertAuthentication />
                        <customAuthentication>
                            <providers>
                            </providers>
                        </customAuthentication>
                    </authentication>
                </security>
                <customFeatures>
                    <providers>
                    </providers>
                </customFeatures>
                <messages />
                <fileHandling />
                <firewallSupport />
                <userIsolation>
                    <activeDirectory />
                </userIsolation>
                <directoryBrowse />
                <logFile />
            </ftpServer>
            <application path="/" applicationPool="google.com">
                <virtualDirectoryDefaults />
                <virtualDirectory path="/" physicalPath="C:\inetpub\wwwroot\editor\backup\install\offline-websites\google.com\www.google.com" />
            </application>
        </site>
    </SITE>
</appcmd>