<?xml version="1.0" encoding="UTF-8"?>
<appcmd>
    <SITE SITE.NAME="schema.org" SITE.ID="5" bindings="http/10.52.6.10:80:schema.org" state="Started">
        <site name="schema.org" id="5">
            <bindings>
                <binding protocol="http" bindingInformation="10.52.6.10:80:schema.org" />
            </bindings>
            <limits />
            <logFile />
            <traceFailedRequestsLogging />
            <applicationDefaults />
            <virtualDirectoryDefaults />
            <ftpServer>
                <connections />
                <security>
                    <dataChannelSecurity />
                    <commandFiltering>
                    </commandFiltering>
                    <ssl />
                    <sslClientCertificates />
                    <authentication>
                        <anonymousAuthentication />
                        <basicAuthentication />
                        <clientCertAuthentication />
                        <customAuthentication>
                            <providers>
                            </providers>
                        </customAuthentication>
                    </authentication>
                </security>
                <customFeatures>
                    <providers>
                    </providers>
                </customFeatures>
                <messages />
                <fileHandling />
                <firewallSupport />
                <userIsolation>
                    <activeDirectory />
                </userIsolation>
                <directoryBrowse />
                <logFile />
            </ftpServer>
            <application path="/" applicationPool="schema.org">
                <virtualDirectoryDefaults />
                <virtualDirectory path="/" physicalPath="C:\inetpub\wwwroot\editor\backup\install\offline-websites\schema.org\schema.org" />
            </application>
        </site>
    </SITE>
</appcmd>