<?xml version="1.0" encoding="UTF-8"?>
<appcmd>
    <SITE SITE.NAME="w3.org" SITE.ID="6" bindings="http/127.0.0.1:7730:" state="Unknown">
        <site name="w3.org" id="6">
            <bindings>
                <binding protocol="http" bindingInformation="127.0.0.1:7730:" />
            </bindings>
            <limits />
            <logFile />
            <traceFailedRequestsLogging />
            <applicationDefaults />
            <virtualDirectoryDefaults />
            <ftpServer>
                <connections />
                <security>
                    <dataChannelSecurity />
                    <commandFiltering>
                    </commandFiltering>
                    <ssl />
                    <sslClientCertificates />
                    <authentication>
                        <anonymousAuthentication />
                        <basicAuthentication />
                        <clientCertAuthentication />
                        <customAuthentication>
                            <providers>
                            </providers>
                        </customAuthentication>
                    </authentication>
                </security>
                <customFeatures>
                    <providers>
                    </providers>
                </customFeatures>
                <messages />
                <fileHandling />
                <firewallSupport />
                <userIsolation>
                    <activeDirectory />
                </userIsolation>
                <directoryBrowse />
                <logFile />
            </ftpServer>
            <application path="/" applicationPool="w3.org">
                <virtualDirectoryDefaults />
                <virtualDirectory path="/" physicalPath="C:\inetpub\wwwroot\editor\backup\install\offline-websites\www.w3.org\www.w3.org" />
            </application>
        </site>
    </SITE>
</appcmd>